ID,Type,Median Value (Expt 1),Median Value (Expt 2),Mean Value (Expt 1),Mean Value (Expt 2),Comparison p-value (Expt 1),Comparison p-value (Expt 2),Median Log2 Fold Change (Expt 1),Median Log2 Fold Change (Expt 2),Mean Log2 Fold Change (Expt 1),Mean Log2 Fold Change (Expt 2),Median Log2 Fold Change Direction (Expt 1),Median Log2 Fold Change Direction (Expt 2),Median Log2 Fold Changes Consistent,Combined Comparison p-value,Corrected Comparison p-value
phenoA,pheno,0.0405558315,0.0405558315,1.8765651524499998,1.8765651524499998,0.045374965828484444,0.045374965828484444,6.345230542638304,6.345230542638304,7.736600295513288,7.736600295513288,1.0,1.0,True,0.014794320530393115,0.014794320530393115
phenoB,pheno,0.929664882,0.929664882,1.9220648290999995,1.9220648290999995,0.001897741103504534,0.001897741103504534,3.248974197277172,3.248974197277172,3.2412302817834298,3.2412302817834298,1.0,1.0,True,4.8742291227351224e-05,6.49897216364683e-05
phenoC,pheno,5.2287738065000005,5.2287738065000005,7.271495752999999,7.271495752999999,3.469160786993301e-08,3.469160786993301e-08,-3.321928094887362,-3.321928094887362,-3.321928094898275,-3.321928094898275,-1.0,-1.0,True,4.2548251329811566e-14,1.7019300531924627e-13
phenoD,pheno,1.5595283235,1.5595283235,5.213366486450001,5.213366486450001,1.7579569607825167e-05,1.7579569607825167e-05,-3.3219280952104357,-3.3219280952104357,-3.321928094750381,-3.321928094750381,-1.0,-1.0,True,7.076286732117987e-09,1.4152573464235973e-08
geneE,gene,0.6042385754999999,0.6042385754999999,1.2122117641499999,1.2122117641499999,0.020070896773807752,0.020070896773807752,2.238596208171247,2.238596208171247,1.6796962518841922,1.6796962518841922,1.0,1.0,True,0.003551835650994787,0.005327753476492181
geneF,gene,10.0565699,10.0565699,7.288331885000001,7.288331885000001,0.010642770500649679,0.010642770500649679,-2.62745682738324,-2.62745682738324,-1.1940689076113304,-1.1940689076113304,-1.0,-1.0,True,0.0011423982925984472,0.0034271948777953418
geneG,gene,0.23750441900000002,0.23750441900000002,0.9765835356,0.9765835356,0.03428356164138032,0.03428356164138032,2.2882110296139087,2.2882110296139087,3.1973516109963396,3.1973516109963396,1.0,1.0,True,0.009104568591697955,0.009104568591697955
